Tag,Wochentag,Kalenderwoche,Autobahn,Fz-Typ,Fahrzeuge
03.10.2023,Di,40,A5,KRD,20
10.10.2023,Di,41,A5,KRD,29
17.10.2023,Di,42,A5,KRD,17
24.10.2023,Di,43,A5,KRD,28
31.10.2023,Di,44,A5,KRD,15
03.10.2023,Di,40,A5,KRD,25
10.10.2023,Di,41,A5,KRD,17
17.10.2023,Di,42,A5,KRD,20
24.10.2023,Di,43,A5,KRD,19
31.10.2023,Di,44,A5,KRD,23
03.10.2023,Di,40,A5,KRD,20
10.10.2023,Di,41,A5,KRD,18
17.10.2023,Di,42,A5,KRD,26
24.10.2023,Di,43,A5,KRD,26
31.10.2023,Di,44,A5,KRD,28
03.10.2023,Di,40,A6,KRD,14
10.10.2023,Di,41,A6,KRD,20
17.10.2023,Di,42,A6,KRD,12
24.10.2023,Di,43,A6,KRD,20
31.10.2023,Di,44,A6,KRD,10
03.10.2023,Di,40,A6,KRD,18
10.10.2023,Di,41,A6,KRD,12
17.10.2023,Di,42,A6,KRD,14
24.10.2023,Di,43,A6,KRD,13
31.10.2023,Di,44,A6,KRD,16
03.10.2023,Di,40,A6,KRD,14
10.10.2023,Di,41,A6,KRD,12
17.10.2023,Di,42,A6,KRD,18
24.10.2023,Di,43,A6,KRD,18
31.10.2023,Di,44,A6,KRD,19
03.10.2023,Di,40,A7,KRD,21
10.10.2023,Di,41,A7,KRD,31
17.10.2023,Di,42,A7,KRD,18
24.10.2023,Di,43,A7,KRD,30
31.10.2023,Di,44,A7,KRD,16
03.10.2023,Di,40,A7,KRD,27
10.10.2023,Di,41,A7,KRD,18
17.10.2023,Di,42,A7,KRD,21
24.10.2023,Di,43,A7,KRD,20
31.10.2023,Di,44,A7,KRD,25
03.10.2023,Di,40,A7,KRD,21
10.10.2023,Di,41,A7,KRD,19
17.10.2023,Di,42,A7,KRD,27
24.10.2023,Di,43,A7,KRD,28
31.10.2023,Di,44,A7,KRD,30
03.10.2023,Di,40,A8,KRD,18
10.10.2023,Di,41,A8,KRD,26
17.10.2023,Di,42,A8,KRD,15
24.10.2023,Di,43,A8,KRD,25
31.10.2023,Di,44,A8,KRD,13
03.10.2023,Di,40,A8,KRD,23
10.10.2023,Di,41,A8,KRD,15
17.10.2023,Di,42,A8,KRD,18
24.10.2023,Di,43,A8,KRD,17
31.10.2023,Di,44,A8,KRD,21
03.10.2023,Di,40,A8,KRD,18
10.10.2023,Di,41,A8,KRD,16
17.10.2023,Di,42,A8,KRD,23
24.10.2023,Di,43,A8,KRD,23
31.10.2023,Di,44,A8,KRD,25
03.10.2023,Di,40,A5,LKW,278
10.10.2023,Di,41,A5,LKW,184
17.10.2023,Di,42,A5,LKW,278
24.10.2023,Di,43,A5,LKW,139
31.10.2023,Di,44,A5,LKW,223
03.10.2023,Di,40,A5,LKW,211
10.10.2023,Di,41,A5,LKW,277
17.10.2023,Di,42,A5,LKW,250
24.10.2023,Di,43,A5,LKW,242
31.10.2023,Di,44,A5,LKW,228
03.10.2023,Di,40,A5,LKW,268
10.10.2023,Di,41,A5,LKW,301
17.10.2023,Di,42,A5,LKW,175
24.10.2023,Di,43,A5,LKW,247
31.10.2023,Di,44,A5,LKW,180
03.10.2023,Di,40,A6,LKW,292
10.10.2023,Di,41,A6,LKW,193
17.10.2023,Di,42,A6,LKW,292
24.10.2023,Di,43,A6,LKW,146
31.10.2023,Di,44,A6,LKW,235
03.10.2023,Di,40,A6,LKW,221
10.10.2023,Di,41,A6,LKW,291
17.10.2023,Di,42,A6,LKW,262
24.10.2023,Di,43,A6,LKW,254
31.10.2023,Di,44,A6,LKW,240
03.10.2023,Di,40,A6,LKW,281
10.10.2023,Di,41,A6,LKW,317
17.10.2023,Di,42,A6,LKW,184
24.10.2023,Di,43,A6,LKW,260
31.10.2023,Di,44,A6,LKW,189
03.10.2023,Di,40,A7,LKW,148
10.10.2023,Di,41,A7,LKW,98
17.10.2023,Di,42,A7,LKW,148
24.10.2023,Di,43,A7,LKW,74
31.10.2023,Di,44,A7,LKW,119
03.10.2023,Di,40,A7,LKW,112
10.10.2023,Di,41,A7,LKW,147
17.10.2023,Di,42,A7,LKW,133
24.10.2023,Di,43,A7,LKW,129
31.10.2023,Di,44,A7,LKW,121
03.10.2023,Di,40,A7,LKW,142
10.10.2023,Di,41,A7,LKW,161
17.10.2023,Di,42,A7,LKW,93
24.10.2023,Di,43,A7,LKW,132
31.10.2023,Di,44,A7,LKW,96
03.10.2023,Di,40,A8,LKW,271
10.10.2023,Di,41,A8,LKW,179
17.10.2023,Di,42,A8,LKW,271
24.10.2023,Di,43,A8,LKW,135
31.10.2023,Di,44,A8,LKW,218
03.10.2023,Di,40,A8,LKW,205
10.10.2023,Di,41,A8,LKW,270
17.10.2023,Di,42,A8,LKW,243
24.10.2023,Di,43,A8,LKW,236
31.10.2023,Di,44,A8,LKW,222
03.10.2023,Di,40,A8,LKW,261
10.10.2023,Di,41,A8,LKW,294
17.10.2023,Di,42,A8,LKW,171
24.10.2023,Di,43,A8,LKW,241
31.10.2023,Di,44,A8,LKW,175
03.10.2023,Di,40,A5,PKW,591
10.10.2023,Di,41,A5,PKW,489
17.10.2023,Di,42,A5,PKW,626
24.10.2023,Di,43,A5,PKW,392
31.10.2023,Di,44,A5,PKW,525
03.10.2023,Di,40,A5,PKW,642
10.10.2023,Di,41,A5,PKW,405
17.10.2023,Di,42,A5,PKW,316
24.10.2023,Di,43,A5,PKW,480
31.10.2023,Di,44,A5,PKW,630
03.10.2023,Di,40,A5,PKW,459
10.10.2023,Di,41,A5,PKW,422
17.10.2023,Di,42,A5,PKW,540
24.10.2023,Di,43,A5,PKW,492
31.10.2023,Di,44,A5,PKW,396
03.10.2023,Di,40,A6,PKW,517
10.10.2023,Di,41,A6,PKW,428
17.10.2023,Di,42,A6,PKW,548
24.10.2023,Di,43,A6,PKW,343
31.10.2023,Di,44,A6,PKW,459
03.10.2023,Di,40,A6,PKW,561
10.10.2023,Di,41,A6,PKW,354
17.10.2023,Di,42,A6,PKW,277
24.10.2023,Di,43,A6,PKW,420
31.10.2023,Di,44,A6,PKW,551
03.10.2023,Di,40,A6,PKW,402
10.10.2023,Di,41,A6,PKW,369
17.10.2023,Di,42,A6,PKW,472
24.10.2023,Di,43,A6,PKW,430
31.10.2023,Di,44,A6,PKW,346
03.10.2023,Di,40,A7,PKW,394
10.10.2023,Di,41,A7,PKW,326
17.10.2023,Di,42,A7,PKW,417
24.10.2023,Di,43,A7,PKW,261
31.10.2023,Di,44,A7,PKW,350
03.10.2023,Di,40,A7,PKW,428
10.10.2023,Di,41,A7,PKW,270
17.10.2023,Di,42,A7,PKW,211
24.10.2023,Di,43,A7,PKW,320
31.10.2023,Di,44,A7,PKW,420
03.10.2023,Di,40,A7,PKW,306
10.10.2023,Di,41,A7,PKW,281
17.10.2023,Di,42,A7,PKW,360
24.10.2023,Di,43,A7,PKW,328
31.10.2023,Di,44,A7,PKW,264
03.10.2023,Di,40,A8,PKW,443
10.10.2023,Di,41,A8,PKW,367
17.10.2023,Di,42,A8,PKW,469
24.10.2023,Di,43,A8,PKW,294
31.10.2023,Di,44,A8,PKW,394
03.10.2023,Di,40,A8,PKW,481
10.10.2023,Di,41,A8,PKW,304
17.10.2023,Di,42,A8,PKW,237
24.10.2023,Di,43,A8,PKW,360
31.10.2023,Di,44,A8,PKW,472
03.10.2023,Di,40,A8,PKW,344
10.10.2023,Di,41,A8,PKW,316
17.10.2023,Di,42,A8,PKW,405
24.10.2023,Di,43,A8,PKW,369
31.10.2023,Di,44,A8,PKW,297
05.10.2023,Do,40,A5,KRD,19
12.10.2023,Do,41,A5,KRD,24
19.10.2023,Do,42,A5,KRD,18
26.10.2023,Do,43,A5,KRD,28
05.10.2023,Do,40,A5,KRD,25
12.10.2023,Do,41,A5,KRD,30
19.10.2023,Do,42,A5,KRD,26
26.10.2023,Do,43,A5,KRD,18
05.10.2023,Do,40,A5,KRD,26
12.10.2023,Do,41,A5,KRD,27
19.10.2023,Do,42,A5,KRD,11
26.10.2023,Do,43,A5,KRD,24
05.10.2023,Do,40,A6,KRD,13
12.10.2023,Do,41,A6,KRD,16
19.10.2023,Do,42,A6,KRD,13
26.10.2023,Do,43,A6,KRD,20
05.10.2023,Do,40,A6,KRD,17
12.10.2023,Do,41,A6,KRD,21
19.10.2023,Do,42,A6,KRD,18
26.10.2023,Do,43,A6,KRD,13
05.10.2023,Do,40,A6,KRD,18
12.10.2023,Do,41,A6,KRD,19
19.10.2023,Do,42,A6,KRD,7
26.10.2023,Do,43,A6,KRD,16
05.10.2023,Do,40,A7,KRD,21
12.10.2023,Do,41,A7,KRD,25
19.10.2023,Do,42,A7,KRD,19
26.10.2023,Do,43,A7,KRD,30
05.10.2023,Do,40,A7,KRD,27
12.10.2023,Do,41,A7,KRD,32
19.10.2023,Do,42,A7,KRD,27
26.10.2023,Do,43,A7,KRD,19
05.10.2023,Do,40,A7,KRD,28
12.10.2023,Do,41,A7,KRD,29
19.10.2023,Do,42,A7,KRD,11
26.10.2023,Do,43,A7,KRD,25
05.10.2023,Do,40,A8,KRD,17
12.10.2023,Do,41,A8,KRD,21
19.10.2023,Do,42,A8,KRD,16
26.10.2023,Do,43,A8,KRD,25
05.10.2023,Do,40,A8,KRD,22
12.10.2023,Do,41,A8,KRD,27
19.10.2023,Do,42,A8,KRD,23
26.10.2023,Do,43,A8,KRD,16
05.10.2023,Do,40,A8,KRD,23
12.10.2023,Do,41,A8,KRD,25
19.10.2023,Do,42,A8,KRD,10
26.10.2023,Do,43,A8,KRD,21
05.10.2023,Do,40,A5,LKW,208
12.10.2023,Do,41,A5,LKW,199
19.10.2023,Do,42,A5,LKW,146
26.10.2023,Do,43,A5,LKW,307
05.10.2023,Do,40,A5,LKW,274
12.10.2023,Do,41,A5,LKW,297
19.10.2023,Do,42,A5,LKW,179
26.10.2023,Do,43,A5,LKW,219
05.10.2023,Do,40,A5,LKW,222
12.10.2023,Do,41,A5,LKW,163
19.10.2023,Do,42,A5,LKW,195
26.10.2023,Do,43,A5,LKW,214
05.10.2023,Do,40,A6,LKW,218
12.10.2023,Do,41,A6,LKW,209
19.10.2023,Do,42,A6,LKW,153
26.10.2023,Do,43,A6,LKW,323
05.10.2023,Do,40,A6,LKW,288
12.10.2023,Do,41,A6,LKW,312
19.10.2023,Do,42,A6,LKW,188
26.10.2023,Do,43,A6,LKW,230
05.10.2023,Do,40,A6,LKW,233
12.10.2023,Do,41,A6,LKW,172
19.10.2023,Do,42,A6,LKW,204
26.10.2023,Do,43,A6,LKW,225
05.10.2023,Do,40,A7,LKW,111
12.10.2023,Do,41,A7,LKW,106
19.10.2023,Do,42,A7,LKW,77
26.10.2023,Do,43,A7,LKW,164
05.10.2023,Do,40,A7,LKW,146
12.10.2023,Do,41,A7,LKW,158
19.10.2023,Do,42,A7,LKW,95
26.10.2023,Do,43,A7,LKW,117
05.10.2023,Do,40,A7,LKW,118
12.10.2023,Do,41,A7,LKW,87
19.10.2023,Do,42,A7,LKW,104
26.10.2023,Do,43,A7,LKW,114
05.10.2023,Do,40,A8,LKW,203
12.10.2023,Do,41,A8,LKW,194
19.10.2023,Do,42,A8,LKW,142
26.10.2023,Do,43,A8,LKW,299
05.10.2023,Do,40,A8,LKW,268
12.10.2023,Do,41,A8,LKW,290
19.10.2023,Do,42,A8,LKW,174
26.10.2023,Do,43,A8,LKW,214
05.10.2023,Do,40,A8,LKW,216
12.10.2023,Do,41,A8,LKW,159
19.10.2023,Do,42,A8,LKW,190
26.10.2023,Do,43,A8,LKW,209
05.10.2023,Do,40,A5,PKW,507
12.10.2023,Do,41,A5,PKW,324
19.10.2023,Do,42,A5,PKW,622
26.10.2023,Do,43,A5,PKW,643
05.10.2023,Do,40,A5,PKW,478
12.10.2023,Do,41,A5,PKW,380
19.10.2023,Do,42,A5,PKW,489
26.10.2023,Do,43,A5,PKW,469
05.10.2023,Do,40,A5,PKW,488
12.10.2023,Do,41,A5,PKW,488
19.10.2023,Do,42,A5,PKW,487
26.10.2023,Do,43,A5,PKW,416
05.10.2023,Do,40,A6,PKW,444
12.10.2023,Do,41,A6,PKW,283
19.10.2023,Do,42,A6,PKW,544
26.10.2023,Do,43,A6,PKW,562
05.10.2023,Do,40,A6,PKW,418
12.10.2023,Do,41,A6,PKW,332
19.10.2023,Do,42,A6,PKW,428
26.10.2023,Do,43,A6,PKW,410
05.10.2023,Do,40,A6,PKW,427
12.10.2023,Do,41,A6,PKW,427
19.10.2023,Do,42,A6,PKW,426
26.10.2023,Do,43,A6,PKW,364
05.10.2023,Do,40,A7,PKW,338
12.10.2023,Do,41,A7,PKW,216
19.10.2023,Do,42,A7,PKW,415
26.10.2023,Do,43,A7,PKW,428
05.10.2023,Do,40,A7,PKW,319
12.10.2023,Do,41,A7,PKW,253
19.10.2023,Do,42,A7,PKW,326
26.10.2023,Do,43,A7,PKW,312
05.10.2023,Do,40,A7,PKW,325
12.10.2023,Do,41,A7,PKW,325
19.10.2023,Do,42,A7,PKW,324
26.10.2023,Do,43,A7,PKW,277
05.10.2023,Do,40,A8,PKW,380
12.10.2023,Do,41,A8,PKW,243
19.10.2023,Do,42,A8,PKW,467
26.10.2023,Do,43,A8,PKW,482
05.10.2023,Do,40,A8,PKW,359
12.10.2023,Do,41,A8,PKW,285
19.10.2023,Do,42,A8,PKW,367
26.10.2023,Do,43,A8,PKW,351
05.10.2023,Do,40,A8,PKW,366
12.10.2023,Do,41,A8,PKW,366
19.10.2023,Do,42,A8,PKW,365
26.10.2023,Do,43,A8,PKW,312
06.10.2023,Fr,40,A5,KRD,24
13.10.2023,Fr,41,A5,KRD,28
20.10.2023,Fr,42,A5,KRD,21
27.10.2023,Fr,43,A5,KRD,36
06.10.2023,Fr,40,A5,KRD,23
13.10.2023,Fr,41,A5,KRD,17
20.10.2023,Fr,42,A5,KRD,15
27.10.2023,Fr,43,A5,KRD,19
06.10.2023,Fr,40,A5,KRD,27
13.10.2023,Fr,41,A5,KRD,24
20.10.2023,Fr,42,A5,KRD,28
27.10.2023,Fr,43,A5,KRD,15
06.10.2023,Fr,40,A6,KRD,17
13.10.2023,Fr,41,A6,KRD,19
20.10.2023,Fr,42,A6,KRD,15
27.10.2023,Fr,43,A6,KRD,25
06.10.2023,Fr,40,A6,KRD,16
13.10.2023,Fr,41,A6,KRD,12
20.10.2023,Fr,42,A6,KRD,10
27.10.2023,Fr,43,A6,KRD,13
06.10.2023,Fr,40,A6,KRD,19
13.10.2023,Fr,41,A6,KRD,17
20.10.2023,Fr,42,A6,KRD,20
27.10.2023,Fr,43,A6,KRD,11
06.10.2023,Fr,40,A7,KRD,26
13.10.2023,Fr,41,A7,KRD,30
20.10.2023,Fr,42,A7,KRD,22
27.10.2023,Fr,43,A7,KRD,38
06.10.2023,Fr,40,A7,KRD,25
13.10.2023,Fr,41,A7,KRD,18
20.10.2023,Fr,42,A7,KRD,16
27.10.2023,Fr,43,A7,KRD,21
06.10.2023,Fr,40,A7,KRD,28
13.10.2023,Fr,41,A7,KRD,25
20.10.2023,Fr,42,A7,KRD,30
27.10.2023,Fr,43,A7,KRD,16
06.10.2023,Fr,40,A8,KRD,22
13.10.2023,Fr,41,A8,KRD,25
20.10.2023,Fr,42,A8,KRD,19
27.10.2023,Fr,43,A8,KRD,32
06.10.2023,Fr,40,A8,KRD,21
13.10.2023,Fr,41,A8,KRD,15
20.10.2023,Fr,42,A8,KRD,13
27.10.2023,Fr,43,A8,KRD,17
06.10.2023,Fr,40,A8,KRD,24
13.10.2023,Fr,41,A8,KRD,21
20.10.2023,Fr,42,A8,KRD,25
27.10.2023,Fr,43,A8,KRD,14
06.10.2023,Fr,40,A5,LKW,220
13.10.2023,Fr,41,A5,LKW,190
20.10.2023,Fr,42,A5,LKW,235
27.10.2023,Fr,43,A5,LKW,185
06.10.2023,Fr,40,A5,LKW,230
13.10.2023,Fr,41,A5,LKW,251
20.10.2023,Fr,42,A5,LKW,265
27.10.2023,Fr,43,A5,LKW,162
06.10.2023,Fr,40,A5,LKW,238
13.10.2023,Fr,41,A5,LKW,229
20.10.2023,Fr,42,A5,LKW,239
27.10.2023,Fr,43,A5,LKW,233
06.10.2023,Fr,40,A6,LKW,231
13.10.2023,Fr,41,A6,LKW,200
20.10.2023,Fr,42,A6,LKW,246
27.10.2023,Fr,43,A6,LKW,194
06.10.2023,Fr,40,A6,LKW,242
13.10.2023,Fr,41,A6,LKW,264
20.10.2023,Fr,42,A6,LKW,278
27.10.2023,Fr,43,A6,LKW,170
06.10.2023,Fr,40,A6,LKW,250
13.10.2023,Fr,41,A6,LKW,241
20.10.2023,Fr,42,A6,LKW,251
27.10.2023,Fr,43,A6,LKW,244
06.10.2023,Fr,40,A7,LKW,117
13.10.2023,Fr,41,A7,LKW,101
20.10.2023,Fr,42,A7,LKW,125
27.10.2023,Fr,43,A7,LKW,99
06.10.2023,Fr,40,A7,LKW,122
13.10.2023,Fr,41,A7,LKW,134
20.10.2023,Fr,42,A7,LKW,141
27.10.2023,Fr,43,A7,LKW,86
06.10.2023,Fr,40,A7,LKW,127
13.10.2023,Fr,41,A7,LKW,122
20.10.2023,Fr,42,A7,LKW,127
27.10.2023,Fr,43,A7,LKW,124
06.10.2023,Fr,40,A8,LKW,215
13.10.2023,Fr,41,A8,LKW,186
20.10.2023,Fr,42,A8,LKW,229
27.10.2023,Fr,43,A8,LKW,181
06.10.2023,Fr,40,A8,LKW,224
13.10.2023,Fr,41,A8,LKW,245
20.10.2023,Fr,42,A8,LKW,258
27.10.2023,Fr,43,A8,LKW,158
06.10.2023,Fr,40,A8,LKW,232
13.10.2023,Fr,41,A8,LKW,224
20.10.2023,Fr,42,A8,LKW,233
27.10.2023,Fr,43,A8,LKW,227
06.10.2023,Fr,40,A5,PKW,397
13.10.2023,Fr,41,A5,PKW,613
20.10.2023,Fr,42,A5,PKW,579
27.10.2023,Fr,43,A5,PKW,349
06.10.2023,Fr,40,A5,PKW,476
13.10.2023,Fr,41,A5,PKW,554
20.10.2023,Fr,42,A5,PKW,327
27.10.2023,Fr,43,A5,PKW,328
06.10.2023,Fr,40,A5,PKW,626
13.10.2023,Fr,41,A5,PKW,345
20.10.2023,Fr,42,A5,PKW,426
27.10.2023,Fr,43,A5,PKW,424
06.10.2023,Fr,40,A6,PKW,347
13.10.2023,Fr,41,A6,PKW,536
20.10.2023,Fr,42,A6,PKW,507
27.10.2023,Fr,43,A6,PKW,305
06.10.2023,Fr,40,A6,PKW,416
13.10.2023,Fr,41,A6,PKW,485
20.10.2023,Fr,42,A6,PKW,286
27.10.2023,Fr,43,A6,PKW,287
06.10.2023,Fr,40,A6,PKW,548
13.10.2023,Fr,41,A6,PKW,302
20.10.2023,Fr,42,A6,PKW,372
27.10.2023,Fr,43,A6,PKW,371
06.10.2023,Fr,40,A7,PKW,264
13.10.2023,Fr,41,A7,PKW,408
20.10.2023,Fr,42,A7,PKW,386
27.10.2023,Fr,43,A7,PKW,232
06.10.2023,Fr,40,A7,PKW,317
13.10.2023,Fr,41,A7,PKW,369
20.10.2023,Fr,42,A7,PKW,218
27.10.2023,Fr,43,A7,PKW,219
06.10.2023,Fr,40,A7,PKW,417
13.10.2023,Fr,41,A7,PKW,230
20.10.2023,Fr,42,A7,PKW,284
27.10.2023,Fr,43,A7,PKW,283
06.10.2023,Fr,40,A8,PKW,297
13.10.2023,Fr,41,A8,PKW,459
20.10.2023,Fr,42,A8,PKW,434
27.10.2023,Fr,43,A8,PKW,261
06.10.2023,Fr,40,A8,PKW,357
13.10.2023,Fr,41,A8,PKW,415
20.10.2023,Fr,42,A8,PKW,245
27.10.2023,Fr,43,A8,PKW,246
06.10.2023,Fr,40,A8,PKW,469
13.10.2023,Fr,41,A8,PKW,259
20.10.2023,Fr,42,A8,PKW,319
27.10.2023,Fr,43,A8,PKW,318
04.10.2023,Mi,40,A5,KRD,24
11.10.2023,Mi,41,A5,KRD,25
18.10.2023,Mi,42,A5,KRD,30
25.10.2023,Mi,43,A5,KRD,20
04.10.2023,Mi,40,A5,KRD,27
11.10.2023,Mi,41,A5,KRD,20
18.10.2023,Mi,42,A5,KRD,20
25.10.2023,Mi,43,A5,KRD,36
04.10.2023,Mi,40,A5,KRD,29
11.10.2023,Mi,41,A5,KRD,12
18.10.2023,Mi,42,A5,KRD,24
25.10.2023,Mi,43,A5,KRD,23
04.10.2023,Mi,40,A6,KRD,17
11.10.2023,Mi,41,A6,KRD,18
18.10.2023,Mi,42,A6,KRD,21
25.10.2023,Mi,43,A6,KRD,14
04.10.2023,Mi,40,A6,KRD,19
11.10.2023,Mi,41,A6,KRD,14
18.10.2023,Mi,42,A6,KRD,14
25.10.2023,Mi,43,A6,KRD,25
04.10.2023,Mi,40,A6,KRD,20
11.10.2023,Mi,41,A6,KRD,8
18.10.2023,Mi,42,A6,KRD,17
25.10.2023,Mi,43,A6,KRD,16
04.10.2023,Mi,40,A7,KRD,26
11.10.2023,Mi,41,A7,KRD,27
18.10.2023,Mi,42,A7,KRD,32
25.10.2023,Mi,43,A7,KRD,21
04.10.2023,Mi,40,A7,KRD,28
11.10.2023,Mi,41,A7,KRD,21
18.10.2023,Mi,42,A7,KRD,21
25.10.2023,Mi,43,A7,KRD,38
04.10.2023,Mi,40,A7,KRD,31
11.10.2023,Mi,41,A7,KRD,13
18.10.2023,Mi,42,A7,KRD,26
25.10.2023,Mi,43,A7,KRD,24
04.10.2023,Mi,40,A8,KRD,22
11.10.2023,Mi,41,A8,KRD,23
18.10.2023,Mi,42,A8,KRD,27
25.10.2023,Mi,43,A8,KRD,18
04.10.2023,Mi,40,A8,KRD,24
11.10.2023,Mi,41,A8,KRD,18
18.10.2023,Mi,42,A8,KRD,18
25.10.2023,Mi,43,A8,KRD,32
04.10.2023,Mi,40,A8,KRD,26
11.10.2023,Mi,41,A8,KRD,11
18.10.2023,Mi,42,A8,KRD,21
25.10.2023,Mi,43,A8,KRD,20
04.10.2023,Mi,40,A5,LKW,232
11.10.2023,Mi,41,A5,LKW,214
18.10.2023,Mi,42,A5,LKW,321
25.10.2023,Mi,43,A5,LKW,192
04.10.2023,Mi,40,A5,LKW,231
11.10.2023,Mi,41,A5,LKW,251
18.10.2023,Mi,42,A5,LKW,265
25.10.2023,Mi,43,A5,LKW,269
04.10.2023,Mi,40,A5,LKW,217
11.10.2023,Mi,41,A5,LKW,219
18.10.2023,Mi,42,A5,LKW,262
25.10.2023,Mi,43,A5,LKW,265
04.10.2023,Mi,40,A6,LKW,244
11.10.2023,Mi,41,A6,LKW,225
18.10.2023,Mi,42,A6,LKW,337
25.10.2023,Mi,43,A6,LKW,202
04.10.2023,Mi,40,A6,LKW,242
11.10.2023,Mi,41,A6,LKW,264
18.10.2023,Mi,42,A6,LKW,278
25.10.2023,Mi,43,A6,LKW,282
04.10.2023,Mi,40,A6,LKW,228
11.10.2023,Mi,41,A6,LKW,230
18.10.2023,Mi,42,A6,LKW,275
25.10.2023,Mi,43,A6,LKW,278
04.10.2023,Mi,40,A7,LKW,124
11.10.2023,Mi,41,A7,LKW,114
18.10.2023,Mi,42,A7,LKW,171
25.10.2023,Mi,43,A7,LKW,102
04.10.2023,Mi,40,A7,LKW,123
11.10.2023,Mi,41,A7,LKW,134
18.10.2023,Mi,42,A7,LKW,141
25.10.2023,Mi,43,A7,LKW,143
04.10.2023,Mi,40,A7,LKW,115
11.10.2023,Mi,41,A7,LKW,117
18.10.2023,Mi,42,A7,LKW,139
25.10.2023,Mi,43,A7,LKW,141
04.10.2023,Mi,40,A8,LKW,227
11.10.2023,Mi,41,A8,LKW,208
18.10.2023,Mi,42,A8,LKW,313
25.10.2023,Mi,43,A8,LKW,188
04.10.2023,Mi,40,A8,LKW,225
11.10.2023,Mi,41,A8,LKW,245
18.10.2023,Mi,42,A8,LKW,258
25.10.2023,Mi,43,A8,LKW,262
04.10.2023,Mi,40,A8,LKW,212
11.10.2023,Mi,41,A8,LKW,214
18.10.2023,Mi,42,A8,LKW,255
25.10.2023,Mi,43,A8,LKW,258
04.10.2023,Mi,40,A5,PKW,556
11.10.2023,Mi,41,A5,PKW,505
18.10.2023,Mi,42,A5,PKW,440
25.10.2023,Mi,43,A5,PKW,374
04.10.2023,Mi,40,A5,PKW,559
11.10.2023,Mi,41,A5,PKW,481
18.10.2023,Mi,42,A5,PKW,502
25.10.2023,Mi,43,A5,PKW,484
04.10.2023,Mi,40,A5,PKW,490
11.10.2023,Mi,41,A5,PKW,427
18.10.2023,Mi,42,A5,PKW,510
25.10.2023,Mi,43,A5,PKW,357
04.10.2023,Mi,40,A6,PKW,487
11.10.2023,Mi,41,A6,PKW,442
18.10.2023,Mi,42,A6,PKW,385
25.10.2023,Mi,43,A6,PKW,327
04.10.2023,Mi,40,A6,PKW,489
11.10.2023,Mi,41,A6,PKW,421
18.10.2023,Mi,42,A6,PKW,439
25.10.2023,Mi,43,A6,PKW,424
04.10.2023,Mi,40,A6,PKW,429
11.10.2023,Mi,41,A6,PKW,373
18.10.2023,Mi,42,A6,PKW,446
25.10.2023,Mi,43,A6,PKW,312
04.10.2023,Mi,40,A7,PKW,371
11.10.2023,Mi,41,A7,PKW,336
18.10.2023,Mi,42,A7,PKW,293
25.10.2023,Mi,43,A7,PKW,249
04.10.2023,Mi,40,A7,PKW,372
11.10.2023,Mi,41,A7,PKW,320
18.10.2023,Mi,42,A7,PKW,335
25.10.2023,Mi,43,A7,PKW,323
04.10.2023,Mi,40,A7,PKW,327
11.10.2023,Mi,41,A7,PKW,284
18.10.2023,Mi,42,A7,PKW,340
25.10.2023,Mi,43,A7,PKW,238
04.10.2023,Mi,40,A8,PKW,417
11.10.2023,Mi,41,A8,PKW,378
18.10.2023,Mi,42,A8,PKW,330
25.10.2023,Mi,43,A8,PKW,280
04.10.2023,Mi,40,A8,PKW,419
11.10.2023,Mi,41,A8,PKW,360
18.10.2023,Mi,42,A8,PKW,377
25.10.2023,Mi,43,A8,PKW,363
04.10.2023,Mi,40,A8,PKW,368
11.10.2023,Mi,41,A8,PKW,320
18.10.2023,Mi,42,A8,PKW,382
25.10.2023,Mi,43,A8,PKW,268
02.10.2023,Mo,40,A5,KRD,30
09.10.2023,Mo,41,A5,KRD,27
16.10.2023,Mo,42,A5,KRD,29
23.10.2023,Mo,43,A5,KRD,25
30.10.2023,Mo,44,A5,KRD,22
02.10.2023,Mo,40,A5,KRD,23
09.10.2023,Mo,41,A5,KRD,24
16.10.2023,Mo,42,A5,KRD,19
23.10.2023,Mo,43,A5,KRD,14
30.10.2023,Mo,44,A5,KRD,28
02.10.2023,Mo,40,A5,KRD,23
09.10.2023,Mo,41,A5,KRD,24
16.10.2023,Mo,42,A5,KRD,18
23.10.2023,Mo,43,A5,KRD,21
30.10.2023,Mo,44,A5,KRD,18
02.10.2023,Mo,40,A6,KRD,21
09.10.2023,Mo,41,A6,KRD,19
16.10.2023,Mo,42,A6,KRD,20
23.10.2023,Mo,43,A6,KRD,17
30.10.2023,Mo,44,A6,KRD,15
02.10.2023,Mo,40,A6,KRD,16
09.10.2023,Mo,41,A6,KRD,17
16.10.2023,Mo,42,A6,KRD,13
23.10.2023,Mo,43,A6,KRD,10
30.10.2023,Mo,44,A6,KRD,19
02.10.2023,Mo,40,A6,KRD,16
09.10.2023,Mo,41,A6,KRD,17
16.10.2023,Mo,42,A6,KRD,12
23.10.2023,Mo,43,A6,KRD,15
30.10.2023,Mo,44,A6,KRD,13
02.10.2023,Mo,40,A7,KRD,32
09.10.2023,Mo,41,A7,KRD,29
16.10.2023,Mo,42,A7,KRD,31
23.10.2023,Mo,43,A7,KRD,27
30.10.2023,Mo,44,A7,KRD,24
02.10.2023,Mo,40,A7,KRD,24
09.10.2023,Mo,41,A7,KRD,25
16.10.2023,Mo,42,A7,KRD,20
23.10.2023,Mo,43,A7,KRD,15
30.10.2023,Mo,44,A7,KRD,30
02.10.2023,Mo,40,A7,KRD,25
09.10.2023,Mo,41,A7,KRD,26
16.10.2023,Mo,42,A7,KRD,19
23.10.2023,Mo,43,A7,KRD,23
30.10.2023,Mo,44,A7,KRD,19
02.10.2023,Mo,40,A8,KRD,27
09.10.2023,Mo,41,A8,KRD,24
16.10.2023,Mo,42,A8,KRD,26
23.10.2023,Mo,43,A8,KRD,22
30.10.2023,Mo,44,A8,KRD,20
02.10.2023,Mo,40,A8,KRD,20
09.10.2023,Mo,41,A8,KRD,21
16.10.2023,Mo,42,A8,KRD,17
23.10.2023,Mo,43,A8,KRD,13
30.10.2023,Mo,44,A8,KRD,25
02.10.2023,Mo,40,A8,KRD,21
09.10.2023,Mo,41,A8,KRD,22
16.10.2023,Mo,42,A8,KRD,16
23.10.2023,Mo,43,A8,KRD,19
30.10.2023,Mo,44,A8,KRD,16
02.10.2023,Mo,40,A5,LKW,218
09.10.2023,Mo,41,A5,LKW,143
16.10.2023,Mo,42,A5,LKW,243
23.10.2023,Mo,43,A5,LKW,180
30.10.2023,Mo,44,A5,LKW,235
02.10.2023,Mo,40,A5,LKW,245
09.10.2023,Mo,41,A5,LKW,223
16.10.2023,Mo,42,A5,LKW,263
23.10.2023,Mo,43,A5,LKW,243
30.10.2023,Mo,44,A5,LKW,212
02.10.2023,Mo,40,A5,LKW,143
09.10.2023,Mo,41,A5,LKW,161
16.10.2023,Mo,42,A5,LKW,222
23.10.2023,Mo,43,A5,LKW,218
30.10.2023,Mo,44,A5,LKW,270
02.10.2023,Mo,40,A6,LKW,229
09.10.2023,Mo,41,A6,LKW,150
16.10.2023,Mo,42,A6,LKW,255
23.10.2023,Mo,43,A6,LKW,189
30.10.2023,Mo,44,A6,LKW,247
02.10.2023,Mo,40,A6,LKW,257
09.10.2023,Mo,41,A6,LKW,235
16.10.2023,Mo,42,A6,LKW,277
23.10.2023,Mo,43,A6,LKW,256
30.10.2023,Mo,44,A6,LKW,223
02.10.2023,Mo,40,A6,LKW,150
09.10.2023,Mo,41,A6,LKW,169
16.10.2023,Mo,42,A6,LKW,233
23.10.2023,Mo,43,A6,LKW,229
30.10.2023,Mo,44,A6,LKW,284
02.10.2023,Mo,40,A7,LKW,116
09.10.2023,Mo,41,A7,LKW,76
16.10.2023,Mo,42,A7,LKW,130
23.10.2023,Mo,43,A7,LKW,96
30.10.2023,Mo,44,A7,LKW,125
02.10.2023,Mo,40,A7,LKW,131
09.10.2023,Mo,41,A7,LKW,119
16.10.2023,Mo,42,A7,LKW,140
23.10.2023,Mo,43,A7,LKW,130
30.10.2023,Mo,44,A7,LKW,113
02.10.2023,Mo,40,A7,LKW,76
09.10.2023,Mo,41,A7,LKW,86
16.10.2023,Mo,42,A7,LKW,118
23.10.2023,Mo,43,A7,LKW,116
30.10.2023,Mo,44,A7,LKW,144
02.10.2023,Mo,40,A8,LKW,212
09.10.2023,Mo,41,A8,LKW,139
16.10.2023,Mo,42,A8,LKW,237
23.10.2023,Mo,43,A8,LKW,176
30.10.2023,Mo,44,A8,LKW,229
02.10.2023,Mo,40,A8,LKW,239
09.10.2023,Mo,41,A8,LKW,218
16.10.2023,Mo,42,A8,LKW,257
23.10.2023,Mo,43,A8,LKW,237
30.10.2023,Mo,44,A8,LKW,207
02.10.2023,Mo,40,A8,LKW,140
09.10.2023,Mo,41,A8,LKW,157
16.10.2023,Mo,42,A8,LKW,216
23.10.2023,Mo,43,A8,LKW,213
30.10.2023,Mo,44,A8,LKW,263
02.10.2023,Mo,40,A5,PKW,482
09.10.2023,Mo,41,A5,PKW,538
16.10.2023,Mo,42,A5,PKW,782
23.10.2023,Mo,43,A5,PKW,561
30.10.2023,Mo,44,A5,PKW,408
02.10.2023,Mo,40,A5,PKW,348
09.10.2023,Mo,41,A5,PKW,489
16.10.2023,Mo,42,A5,PKW,548
23.10.2023,Mo,43,A5,PKW,548
30.10.2023,Mo,44,A5,PKW,225
02.10.2023,Mo,40,A5,PKW,423
09.10.2023,Mo,41,A5,PKW,458
16.10.2023,Mo,42,A5,PKW,513
23.10.2023,Mo,43,A5,PKW,402
30.10.2023,Mo,44,A5,PKW,406
02.10.2023,Mo,40,A6,PKW,422
09.10.2023,Mo,41,A6,PKW,471
16.10.2023,Mo,42,A6,PKW,684
23.10.2023,Mo,43,A6,PKW,491
30.10.2023,Mo,44,A6,PKW,357
02.10.2023,Mo,40,A6,PKW,304
09.10.2023,Mo,41,A6,PKW,428
16.10.2023,Mo,42,A6,PKW,479
23.10.2023,Mo,43,A6,PKW,479
30.10.2023,Mo,44,A6,PKW,197
02.10.2023,Mo,40,A6,PKW,370
09.10.2023,Mo,41,A6,PKW,401
16.10.2023,Mo,42,A6,PKW,449
23.10.2023,Mo,43,A6,PKW,351
30.10.2023,Mo,44,A6,PKW,355
02.10.2023,Mo,40,A7,PKW,321
09.10.2023,Mo,41,A7,PKW,359
16.10.2023,Mo,42,A7,PKW,521
23.10.2023,Mo,43,A7,PKW,374
30.10.2023,Mo,44,A7,PKW,272
02.10.2023,Mo,40,A7,PKW,232
09.10.2023,Mo,41,A7,PKW,326
16.10.2023,Mo,42,A7,PKW,365
23.10.2023,Mo,43,A7,PKW,365
30.10.2023,Mo,44,A7,PKW,150
02.10.2023,Mo,40,A7,PKW,282
09.10.2023,Mo,41,A7,PKW,305
16.10.2023,Mo,42,A7,PKW,342
23.10.2023,Mo,43,A7,PKW,268
30.10.2023,Mo,44,A7,PKW,271
02.10.2023,Mo,40,A8,PKW,361
09.10.2023,Mo,41,A8,PKW,404
16.10.2023,Mo,42,A8,PKW,586
23.10.2023,Mo,43,A8,PKW,421
30.10.2023,Mo,44,A8,PKW,306
02.10.2023,Mo,40,A8,PKW,261
09.10.2023,Mo,41,A8,PKW,367
16.10.2023,Mo,42,A8,PKW,411
23.10.2023,Mo,43,A8,PKW,411
30.10.2023,Mo,44,A8,PKW,169
02.10.2023,Mo,40,A8,PKW,317
09.10.2023,Mo,41,A8,PKW,343
16.10.2023,Mo,42,A8,PKW,385
23.10.2023,Mo,43,A8,PKW,301
30.10.2023,Mo,44,A8,PKW,305
07.10.2023,Sa,40,A5,KRD,26
14.10.2023,Sa,41,A5,KRD,30
21.10.2023,Sa,42,A5,KRD,34
28.10.2023,Sa,43,A5,KRD,24
07.10.2023,Sa,40,A5,KRD,23
14.10.2023,Sa,41,A5,KRD,28
21.10.2023,Sa,42,A5,KRD,35
28.10.2023,Sa,43,A5,KRD,28
07.10.2023,Sa,40,A5,KRD,26
14.10.2023,Sa,41,A5,KRD,30
21.10.2023,Sa,42,A5,KRD,28
28.10.2023,Sa,43,A5,KRD,22
07.10.2023,Sa,40,A6,KRD,18
14.10.2023,Sa,41,A6,KRD,22
21.10.2023,Sa,42,A6,KRD,24
28.10.2023,Sa,43,A6,KRD,16
07.10.2023,Sa,40,A6,KRD,15
14.10.2023,Sa,41,A6,KRD,19
21.10.2023,Sa,42,A6,KRD,25
28.10.2023,Sa,43,A6,KRD,19
07.10.2023,Sa,40,A6,KRD,17
14.10.2023,Sa,41,A6,KRD,20
21.10.2023,Sa,42,A6,KRD,19
28.10.2023,Sa,43,A6,KRD,15
07.10.2023,Sa,40,A7,KRD,28
14.10.2023,Sa,41,A7,KRD,33
21.10.2023,Sa,42,A7,KRD,37
28.10.2023,Sa,43,A7,KRD,25
07.10.2023,Sa,40,A7,KRD,24
14.10.2023,Sa,41,A7,KRD,30
21.10.2023,Sa,42,A7,KRD,38
28.10.2023,Sa,43,A7,KRD,29
07.10.2023,Sa,40,A7,KRD,27
14.10.2023,Sa,41,A7,KRD,33
21.10.2023,Sa,42,A7,KRD,30
28.10.2023,Sa,43,A7,KRD,24
07.10.2023,Sa,40,A8,KRD,24
14.10.2023,Sa,41,A8,KRD,27
21.10.2023,Sa,42,A8,KRD,30
28.10.2023,Sa,43,A8,KRD,20
07.10.2023,Sa,40,A8,KRD,20
14.10.2023,Sa,41,A8,KRD,25
21.10.2023,Sa,42,A8,KRD,31
28.10.2023,Sa,43,A8,KRD,25
07.10.2023,Sa,40,A8,KRD,23
14.10.2023,Sa,41,A8,KRD,27
21.10.2023,Sa,42,A8,KRD,25
28.10.2023,Sa,43,A8,KRD,19
07.10.2023,Sa,40,A5,LKW,160
14.10.2023,Sa,41,A5,LKW,92
21.10.2023,Sa,42,A5,LKW,184
28.10.2023,Sa,43,A5,LKW,158
07.10.2023,Sa,40,A5,LKW,189
14.10.2023,Sa,41,A5,LKW,204
21.10.2023,Sa,42,A5,LKW,193
28.10.2023,Sa,43,A5,LKW,107
07.10.2023,Sa,40,A5,LKW,178
14.10.2023,Sa,41,A5,LKW,167
21.10.2023,Sa,42,A5,LKW,200
28.10.2023,Sa,43,A5,LKW,207
07.10.2023,Sa,40,A6,LKW,168
14.10.2023,Sa,41,A6,LKW,97
21.10.2023,Sa,42,A6,LKW,193
28.10.2023,Sa,43,A6,LKW,165
07.10.2023,Sa,40,A6,LKW,198
14.10.2023,Sa,41,A6,LKW,214
21.10.2023,Sa,42,A6,LKW,203
28.10.2023,Sa,43,A6,LKW,112
07.10.2023,Sa,40,A6,LKW,187
14.10.2023,Sa,41,A6,LKW,175
21.10.2023,Sa,42,A6,LKW,211
28.10.2023,Sa,43,A6,LKW,218
07.10.2023,Sa,40,A7,LKW,85
14.10.2023,Sa,41,A7,LKW,49
21.10.2023,Sa,42,A7,LKW,98
28.10.2023,Sa,43,A7,LKW,84
07.10.2023,Sa,40,A7,LKW,100
14.10.2023,Sa,41,A7,LKW,108
21.10.2023,Sa,42,A7,LKW,102
28.10.2023,Sa,43,A7,LKW,57
07.10.2023,Sa,40,A7,LKW,95
14.10.2023,Sa,41,A7,LKW,88
21.10.2023,Sa,42,A7,LKW,107
28.10.2023,Sa,43,A7,LKW,110
07.10.2023,Sa,40,A8,LKW,156
14.10.2023,Sa,41,A8,LKW,90
21.10.2023,Sa,42,A8,LKW,179
28.10.2023,Sa,43,A8,LKW,154
07.10.2023,Sa,40,A8,LKW,184
14.10.2023,Sa,41,A8,LKW,199
21.10.2023,Sa,42,A8,LKW,188
28.10.2023,Sa,43,A8,LKW,105
07.10.2023,Sa,40,A8,LKW,174
14.10.2023,Sa,41,A8,LKW,163
21.10.2023,Sa,42,A8,LKW,196
28.10.2023,Sa,43,A8,LKW,203
07.10.2023,Sa,40,A5,PKW,414
14.10.2023,Sa,41,A5,PKW,472
21.10.2023,Sa,42,A5,PKW,340
28.10.2023,Sa,43,A5,PKW,411
07.10.2023,Sa,40,A5,PKW,392
14.10.2023,Sa,41,A5,PKW,413
21.10.2023,Sa,42,A5,PKW,409
28.10.2023,Sa,43,A5,PKW,377
07.10.2023,Sa,40,A5,PKW,421
14.10.2023,Sa,41,A5,PKW,430
21.10.2023,Sa,42,A5,PKW,394
28.10.2023,Sa,43,A5,PKW,420
07.10.2023,Sa,40,A6,PKW,362
14.10.2023,Sa,41,A6,PKW,413
21.10.2023,Sa,42,A6,PKW,297
28.10.2023,Sa,43,A6,PKW,360
07.10.2023,Sa,40,A6,PKW,343
14.10.2023,Sa,41,A6,PKW,361
21.10.2023,Sa,42,A6,PKW,358
28.10.2023,Sa,43,A6,PKW,329
07.10.2023,Sa,40,A6,PKW,368
14.10.2023,Sa,41,A6,PKW,376
21.10.2023,Sa,42,A6,PKW,345
28.10.2023,Sa,43,A6,PKW,368
07.10.2023,Sa,40,A7,PKW,276
14.10.2023,Sa,41,A7,PKW,315
21.10.2023,Sa,42,A7,PKW,226
28.10.2023,Sa,43,A7,PKW,274
07.10.2023,Sa,40,A7,PKW,261
14.10.2023,Sa,41,A7,PKW,275
21.10.2023,Sa,42,A7,PKW,272
28.10.2023,Sa,43,A7,PKW,251
07.10.2023,Sa,40,A7,PKW,281
14.10.2023,Sa,41,A7,PKW,286
21.10.2023,Sa,42,A7,PKW,262
28.10.2023,Sa,43,A7,PKW,280
07.10.2023,Sa,40,A8,PKW,311
14.10.2023,Sa,41,A8,PKW,354
21.10.2023,Sa,42,A8,PKW,255
28.10.2023,Sa,43,A8,PKW,308
07.10.2023,Sa,40,A8,PKW,294
14.10.2023,Sa,41,A8,PKW,309
21.10.2023,Sa,42,A8,PKW,306
28.10.2023,Sa,43,A8,PKW,283
07.10.2023,Sa,40,A8,PKW,316
14.10.2023,Sa,41,A8,PKW,322
21.10.2023,Sa,42,A8,PKW,295
28.10.2023,Sa,43,A8,PKW,315
01.10.2023,So,39,A5,KRD,32
08.10.2023,So,40,A5,KRD,33
15.10.2023,So,41,A5,KRD,31
22.10.2023,So,42,A5,KRD,18
29.10.2023,So,43,A5,KRD,26
01.10.2023,So,39,A5,KRD,30
08.10.2023,So,40,A5,KRD,30
15.10.2023,So,41,A5,KRD,35
22.10.2023,So,42,A5,KRD,22
29.10.2023,So,43,A5,KRD,27
01.10.2023,So,39,A5,KRD,25
08.10.2023,So,40,A5,KRD,37
15.10.2023,So,41,A5,KRD,31
22.10.2023,So,42,A5,KRD,26
29.10.2023,So,43,A5,KRD,27
01.10.2023,So,39,A6,KRD,22
08.10.2023,So,40,A6,KRD,23
15.10.2023,So,41,A6,KRD,22
22.10.2023,So,42,A6,KRD,13
29.10.2023,So,43,A6,KRD,17
01.10.2023,So,39,A6,KRD,20
08.10.2023,So,40,A6,KRD,20
15.10.2023,So,41,A6,KRD,25
22.10.2023,So,42,A6,KRD,15
29.10.2023,So,43,A6,KRD,18
01.10.2023,So,39,A6,KRD,17
08.10.2023,So,40,A6,KRD,26
15.10.2023,So,41,A6,KRD,21
22.10.2023,So,42,A6,KRD,18
29.10.2023,So,43,A6,KRD,18
01.10.2023,So,39,A7,KRD,33
08.10.2023,So,40,A7,KRD,35
15.10.2023,So,41,A7,KRD,33
22.10.2023,So,42,A7,KRD,20
29.10.2023,So,43,A7,KRD,27
01.10.2023,So,39,A7,KRD,31
08.10.2023,So,40,A7,KRD,31
15.10.2023,So,41,A7,KRD,37
22.10.2023,So,42,A7,KRD,23
29.10.2023,So,43,A7,KRD,28
01.10.2023,So,39,A7,KRD,26
08.10.2023,So,40,A7,KRD,40
15.10.2023,So,41,A7,KRD,33
22.10.2023,So,42,A7,KRD,28
29.10.2023,So,43,A7,KRD,30
01.10.2023,So,39,A8,KRD,28
08.10.2023,So,40,A8,KRD,30
15.10.2023,So,41,A8,KRD,28
22.10.2023,So,42,A8,KRD,17
29.10.2023,So,43,A8,KRD,23
01.10.2023,So,39,A8,KRD,26
08.10.2023,So,40,A8,KRD,26
15.10.2023,So,41,A8,KRD,31
22.10.2023,So,42,A8,KRD,20
29.10.2023,So,43,A8,KRD,25
01.10.2023,So,39,A8,KRD,22
08.10.2023,So,40,A8,KRD,33
15.10.2023,So,41,A8,KRD,27
22.10.2023,So,42,A8,KRD,23
29.10.2023,So,43,A8,KRD,25
01.10.2023,So,39,A5,LKW,31
08.10.2023,So,40,A5,LKW,29
15.10.2023,So,41,A5,LKW,25
22.10.2023,So,42,A5,LKW,23
29.10.2023,So,43,A5,LKW,23
01.10.2023,So,39,A5,LKW,24
08.10.2023,So,40,A5,LKW,24
15.10.2023,So,41,A5,LKW,14
22.10.2023,So,42,A5,LKW,25
29.10.2023,So,43,A5,LKW,32
01.10.2023,So,39,A5,LKW,18
08.10.2023,So,40,A5,LKW,22
15.10.2023,So,41,A5,LKW,17
22.10.2023,So,42,A5,LKW,17
29.10.2023,So,43,A5,LKW,22
01.10.2023,So,39,A6,LKW,33
08.10.2023,So,40,A6,LKW,30
15.10.2023,So,41,A6,LKW,27
22.10.2023,So,42,A6,LKW,24
29.10.2023,So,43,A6,LKW,25
01.10.2023,So,39,A6,LKW,26
08.10.2023,So,40,A6,LKW,26
15.10.2023,So,41,A6,LKW,15
22.10.2023,So,42,A6,LKW,26
29.10.2023,So,43,A6,LKW,33
01.10.2023,So,39,A6,LKW,19
08.10.2023,So,40,A6,LKW,23
15.10.2023,So,41,A6,LKW,18
22.10.2023,So,42,A6,LKW,18
29.10.2023,So,43,A6,LKW,23
01.10.2023,So,39,A7,LKW,16
08.10.2023,So,40,A7,LKW,15
15.10.2023,So,41,A7,LKW,13
22.10.2023,So,42,A7,LKW,12
29.10.2023,So,43,A7,LKW,12
01.10.2023,So,39,A7,LKW,13
08.10.2023,So,40,A7,LKW,13
15.10.2023,So,41,A7,LKW,7
22.10.2023,So,42,A7,LKW,13
29.10.2023,So,43,A7,LKW,17
01.10.2023,So,39,A7,LKW,9
08.10.2023,So,40,A7,LKW,11
15.10.2023,So,41,A7,LKW,9
22.10.2023,So,42,A7,LKW,9
29.10.2023,So,43,A7,LKW,11
01.10.2023,So,39,A8,LKW,30
08.10.2023,So,40,A8,LKW,28
15.10.2023,So,41,A8,LKW,25
22.10.2023,So,42,A8,LKW,22
29.10.2023,So,43,A8,LKW,23
01.10.2023,So,39,A8,LKW,24
08.10.2023,So,40,A8,LKW,24
15.10.2023,So,41,A8,LKW,14
22.10.2023,So,42,A8,LKW,24
29.10.2023,So,43,A8,LKW,31
01.10.2023,So,39,A8,LKW,18
08.10.2023,So,40,A8,LKW,21
15.10.2023,So,41,A8,LKW,17
22.10.2023,So,42,A8,LKW,17
29.10.2023,So,43,A8,LKW,21
01.10.2023,So,39,A5,PKW,256
08.10.2023,So,40,A5,PKW,459
15.10.2023,So,41,A5,PKW,456
22.10.2023,So,42,A5,PKW,385
29.10.2023,So,43,A5,PKW,329
01.10.2023,So,39,A5,PKW,443
08.10.2023,So,40,A5,PKW,401
15.10.2023,So,41,A5,PKW,426
22.10.2023,So,42,A5,PKW,338
29.10.2023,So,43,A5,PKW,365
01.10.2023,So,39,A5,PKW,344
08.10.2023,So,40,A5,PKW,389
15.10.2023,So,41,A5,PKW,222
22.10.2023,So,42,A5,PKW,375
29.10.2023,So,43,A5,PKW,357
01.10.2023,So,39,A6,PKW,224
08.10.2023,So,40,A6,PKW,401
15.10.2023,So,41,A6,PKW,399
22.10.2023,So,42,A6,PKW,336
29.10.2023,So,43,A6,PKW,287
01.10.2023,So,39,A6,PKW,388
08.10.2023,So,40,A6,PKW,351
15.10.2023,So,41,A6,PKW,373
22.10.2023,So,42,A6,PKW,296
29.10.2023,So,43,A6,PKW,319
01.10.2023,So,39,A6,PKW,301
08.10.2023,So,40,A6,PKW,340
15.10.2023,So,41,A6,PKW,194
22.10.2023,So,42,A6,PKW,328
29.10.2023,So,43,A6,PKW,312
01.10.2023,So,39,A7,PKW,170
08.10.2023,So,40,A7,PKW,305
15.10.2023,So,41,A7,PKW,304
22.10.2023,So,42,A7,PKW,256
29.10.2023,So,43,A7,PKW,219
01.10.2023,So,39,A7,PKW,296
08.10.2023,So,40,A7,PKW,268
15.10.2023,So,41,A7,PKW,284
22.10.2023,So,42,A7,PKW,226
29.10.2023,So,43,A7,PKW,243
01.10.2023,So,39,A7,PKW,229
08.10.2023,So,40,A7,PKW,259
15.10.2023,So,41,A7,PKW,148
22.10.2023,So,42,A7,PKW,249
29.10.2023,So,43,A7,PKW,238
01.10.2023,So,39,A8,PKW,192
08.10.2023,So,40,A8,PKW,344
15.10.2023,So,41,A8,PKW,342
22.10.2023,So,42,A8,PKW,289
29.10.2023,So,43,A8,PKW,246
01.10.2023,So,39,A8,PKW,333
08.10.2023,So,40,A8,PKW,301
15.10.2023,So,41,A8,PKW,319
22.10.2023,So,42,A8,PKW,254
29.10.2023,So,43,A8,PKW,273
01.10.2023,So,39,A8,PKW,258
08.10.2023,So,40,A8,PKW,291
15.10.2023,So,41,A8,PKW,166
22.10.2023,So,42,A8,PKW,281
29.10.2023,So,43,A8,PKW,267
